,Unnamed: 0,Chromophore,Solvent,Predicted Quantum yield
0,0,CCn1c2ccccc2c2cc(-c3cc(-c4ccc5c(c4)c4ccccc4n5CC)nc(-c4ccc(OC)cc4)n3)ccc21,ClCCl,0.41695404
1,1,CCn1c2ccccc2c2cc(-c3cc(-c4ccc5c(c4)c4ccccc4n5CC)nc(-c4ccc(OC)cc4)n3)ccc21,CC#N,0.3700085
2,2,CCn1c2ccccc2c2cc(-c3cc(-c4ccc5c(c4)c4ccccc4n5CC)nc(-c4ccc(OC)cc4)n3)ccc21,Cc1ccccc1,0.46596092
3,3,CCn1c2ccccc2c2cc(-c3cc(-c4ccc5c(c4)c4ccccc4n5CC)nc(-c4ccc(OC)cc4)n3)ccc21,C1CCOC1,0.36100695
4,4,CCn1c2ccccc2c2cc(-c3cc(-c4ccc5c(c4)c4ccccc4n5CC)nc(-c4ccc(OC)cc4)n3)ccc21,ClC(Cl)Cl,0.3971541
5,5,CCn1c2ccccc2c2cc(-c3cc(-c4ccc5c(c4)c4ccccc4n5CC)nc(-c4ccc(OC)cc4)n3)ccc21,CO,0.29009038
6,6,CCn1c2ccccc2c2cc(-c3cc(-c4ccc5c(c4)c4ccccc4n5CC)nc(-c4ccc(OC)cc4)n3)ccc21,CCO,0.3745196
7,7,CCn1c2ccccc2c2cc(-c3cc(-c4ccc5c(c4)c4ccccc4n5CC)nc(-c4ccc(OC)cc4)n3)ccc21,CS(C)=O,0.42975938
8,8,CCn1c2ccccc2c2cc(-c3cc(-c4ccc5c(c4)c4ccccc4n5CC)nc(-c4ccc(OC)cc4)n3)ccc21,C1CCCCC1,0.4479784
9,9,CCn1c2ccccc2c2cc(-c3cc(-c4ccc5c(c4)c4ccccc4n5CC)nc(-c4ccc(OC)cc4)n3)ccc21,CN(C)C=O,0.4409479
10,10,CCn1c2ccccc2c2cc(-c3cc(-c4ccc5c(c4)c4ccccc4n5CC)nc(-c4ccc(OC)cc4)n3)ccc21,CCCCCC,0.43553182
11,11,CCn1c2ccccc2c2cc(-c3cc(-c4ccc5c(c4)c4ccccc4n5CC)nc(-c4ccc(OC)cc4)n3)ccc21,CCOC(C)=O,0.42924565
12,12,CCn1c2ccccc2c2cc(-c3cc(-c4ccc5c(c4)c4ccccc4n5CC)nc(-c4ccc(OC)cc4)n3)ccc21,O,0.3037028
13,13,CCn1c2ccccc2c2cc(-c3cc(-c4ccc5c(c4)c4ccccc4n5CC)nc(-c4ccc(OC)cc4)n3)ccc21,C1COCCO1,0.5779276
14,14,CCn1c2ccccc2c2cc(-c3cc(-c4ccc5c(c4)c4ccccc4n5CC)nc(-c4ccc(OC)cc4)n3)ccc21,CC(C)=O,0.4162612
15,15,CCn1c2ccccc2c2cc(-c3cc(-c4ccc5c(c4)c4ccccc4n5CC)nc(-c4ccc(OC)cc4)n3)ccc21,c1ccccc1,0.46709853
16,16,CCn1c2ccccc2c2cc(-c3cc(-c4ccc5c(c4)c4ccccc4n5CC)nc(-c4ccc(OC)cc4)n3)ccc21,CC(C)O,0.3017879
17,17,CCn1c2ccccc2c2cc(-c3cc(-c4ccc5c(c4)c4ccccc4n5CC)nc(-c4ccc(OC)cc4)n3)ccc21,CCOCC,0.38783145
18,18,CCn1c2ccccc2c2cc(-c3cc(-c4ccc5c(c4)c4ccccc4n5CC)nc(-c4ccc(OC)cc4)n3)ccc21,CCCCO,0.3526349
19,19,CCn1c2ccccc2c2cc(-c3cc(-c4ccc5c(c4)c4ccccc4n5CC)nc(-c4ccc(OC)cc4)n3)ccc21,CCCO,0.44571435
20,20,CCn1c2ccccc2c2cc(-c3cc(-c4ccc5c(c4)c4ccccc4n5CC)nc(-c4ccc(OC)cc4)n3)ccc21,O=P(c1ccccc1)(c1ccccc1)c1ccccc1Oc1ccccc1P(=O)(c1ccccc1)c1ccccc1,0.6946008
21,21,CCn1c2ccccc2c2cc(-c3cc(-c4ccc5c(c4)c4ccccc4n5CC)nc(-c4ccc(OC)cc4)n3)ccc21,CCCCCCC,0.43553185
22,22,CCn1c2ccccc2c2cc(-c3cc(-c4ccc5c(c4)c4ccccc4n5CC)nc(-c4ccc(OC)cc4)n3)ccc21,ClC(Cl)(Cl)Cl,0.5281337
23,23,CCn1c2ccccc2c2cc(-c3cc(-c4ccc5c(c4)c4ccccc4n5CC)nc(-c4ccc(OC)cc4)n3)ccc21,CCCCOCCCC,0.49540043
24,24,CCn1c2ccccc2c2cc(-c3cc(-c4ccc5c(c4)c4ccccc4n5CC)nc(-c4ccc(OC)cc4)n3)ccc21,CC1CCCCC1,0.60220915
25,25,CCn1c2ccccc2c2cc(-c3cc(-c4ccc5c(c4)c4ccccc4n5CC)nc(-c4ccc(OC)cc4)n3)ccc21,CCCCCCCCO,0.32983035
26,26,CCn1c2ccccc2c2cc(-c3cc(-c4ccc5c(c4)c4ccccc4n5CC)nc(-c4ccc(OC)cc4)n3)ccc21,OCC(F)(F)F,0.3056021
27,27,CCn1c2ccccc2c2cc(-c3cc(-c4ccc5c(c4)c4ccccc4n5CC)nc(-c4ccc(OC)cc4)n3)ccc21,OCCO,0.45929378
28,28,CCn1c2ccccc2c2cc(-c3cc(-c4ccc5c(c4)c4ccccc4n5CC)nc(-c4ccc(OC)cc4)n3)ccc21,c1ccc2c(c1)c1ccccc1n2-c1ccc(-c2ccc(-n3c4ccccc4c4ccccc43)cc2)cc1,0.79361343
29,29,CCn1c2ccccc2c2cc(-c3cc(-c4ccc5c(c4)c4ccccc4n5CC)nc(-c4ccc(OC)cc4)n3)ccc21,CCCCCCO,0.32983035
30,30,CCn1c2ccccc2c2cc(-c3cc(-c4ccc5c(c4)c4ccccc4n5CC)nc(-c4ccc(OC)cc4)n3)ccc21,c1cc(-c2cccc(-n3c4ccccc4c4ccccc43)c2)cc(-n2c3ccccc3c3ccccc32)c1,0.7694806
31,31,CCn1c2ccccc2c2cc(-c3cc(-c4ccc5c(c4)c4ccccc4n5CC)nc(-c4ccc(OC)cc4)n3)ccc21,c1ccncc1,0.65873057
32,32,CCn1c2ccccc2c2cc(-c3cc(-c4ccc5c(c4)c4ccccc4n5CC)nc(-c4ccc(OC)cc4)n3)ccc21,OCC(O)CO,0.38596815
33,33,CCn1c2ccccc2c2cc(-c3cc(-c4ccc5c(c4)c4ccccc4n5CC)nc(-c4ccc(OC)cc4)n3)ccc21,CCCCCO,0.32983038
34,34,CCn1c2ccccc2c2cc(-c3cc(-c4ccc5c(c4)c4ccccc4n5CC)nc(-c4ccc(OC)cc4)n3)ccc21,c1cc(-n2c3ccccc3c3ccccc32)cc(-n2c3ccccc3c3ccccc32)c1,0.55710834
35,35,CCn1c2ccccc2c2cc(-c3cc(-c4ccc5c(c4)c4ccccc4n5CC)nc(-c4ccc(OC)cc4)n3)ccc21,CC(C)(C)O,0.46261495
36,36,CCn1c2ccccc2c2cc(-c3cc(-c4ccc5c(c4)c4ccccc4n5CC)nc(-c4ccc(OC)cc4)n3)ccc21,CC1CCCO1,0.32698652
37,37,CCn1c2ccccc2c2cc(-c3cc(-c4ccc5c(c4)c4ccccc4n5CC)nc(-c4ccc(OC)cc4)n3)ccc21,NC=O,0.45699197
38,38,CCn1c2ccccc2c2cc(-c3cc(-c4ccc5c(c4)c4ccccc4n5CC)nc(-c4ccc(OC)cc4)n3)ccc21,CC(C)CO,0.48953575
39,39,CCn1c2ccccc2c2cc(-c3cc(-c4ccc5c(c4)c4ccccc4n5CC)nc(-c4ccc(OC)cc4)n3)ccc21,CCN(CC)CC,0.3837442
40,40,CCn1c2ccccc2c2cc(-c3cc(-c4ccc5c(c4)c4ccccc4n5CC)nc(-c4ccc(OC)cc4)n3)ccc21,CCCCCCCCCCO,0.32983035
41,41,CCn1c2ccccc2c2cc(-c3cc(-c4ccc5c(c4)c4ccccc4n5CC)nc(-c4ccc(OC)cc4)n3)ccc21,O=P(c1ccccc1)(c1ccccc1)c1ccc2oc3ccc(P(=O)(c4ccccc4)c4ccccc4)cc3c2c1,0.6711781
42,42,CCn1c2ccccc2c2cc(-c3cc(-c4ccc5c(c4)c4ccccc4n5CC)nc(-c4ccc(OC)cc4)n3)ccc21,CCCCC,0.54164946
43,43,CCn1c2ccccc2c2cc(-c3cc(-c4ccc5c(c4)c4ccccc4n5CC)nc(-c4ccc(OC)cc4)n3)ccc21,ClCCCl,0.44232294
44,44,CCn1c2ccccc2c2cc(-c3cc(-c4ccc5c(c4)c4ccccc4n5CC)nc(-c4ccc(OC)cc4)n3)ccc21,CC(=O)O,0.49685574
45,45,CCn1c2ccccc2c2cc(-c3cc(-c4ccc5c(c4)c4ccccc4n5CC)nc(-c4ccc(OC)cc4)n3)ccc21,OCCOCCO,0.3740149
46,46,CCn1c2ccccc2c2cc(-c3cc(-c4ccc5c(c4)c4ccccc4n5CC)nc(-c4ccc(OC)cc4)n3)ccc21,CC1COC(=O)O1,0.5152911
47,47,CCn1c2ccccc2c2cc(-c3cc(-c4ccc5c(c4)c4ccccc4n5CC)nc(-c4ccc(OC)cc4)n3)ccc21,N#Cc1ccccc1,0.65821
48,48,CCn1c2ccccc2c2cc(-c3cc(-c4ccc5c(c4)c4ccccc4n5CC)nc(-c4ccc(OC)cc4)n3)ccc21,Clc1ccccc1,0.51611865
49,49,CCn1c2ccccc2c2cc(-c3cc(-c4ccc5c(c4)c4ccccc4n5CC)nc(-c4ccc(OC)cc4)n3)ccc21,CC(C)CC(C)(C)C,0.3347873
50,50,CCn1c2ccccc2c2cc(-c3cc(-c4ccc5c(c4)c4ccccc4n5CC)nc(-c4ccc(OC)cc4)n3)ccc21,CNC=O,0.33101666
51,51,CCn1c2ccccc2c2cc(-c3cc(-c4ccc5c(c4)c4ccccc4n5CC)nc(-c4ccc(OC)cc4)n3)ccc21,CC(C)OC(C)C,0.4495346
52,52,CCn1c2ccccc2c2cc(-c3cc(-c4ccc5c(c4)c4ccccc4n5CC)nc(-c4ccc(OC)cc4)n3)ccc21,CCCCCCCO,0.32983032
53,53,CCn1c2ccccc2c2cc(-c3cc(-c4ccc5c(c4)c4ccccc4n5CC)nc(-c4ccc(OC)cc4)n3)ccc21,[2H]O[2H],0.31583667
54,54,CCn1c2ccccc2c2cc(-c3cc(-c4ccc5c(c4)c4ccccc4n5CC)nc(-c4ccc(OC)cc4)n3)ccc21,CCCCCCCCCCCCCCCC,0.43553185
55,55,CCn1c2ccccc2c2cc(-c3cc(-c4ccc5c(c4)c4ccccc4n5CC)nc(-c4ccc(OC)cc4)n3)ccc21,CCCCOC(C)=O,0.47585166
56,56,CCn1c2ccccc2c2cc(-c3cc(-c4ccc5c(c4)c4ccccc4n5CC)nc(-c4ccc(OC)cc4)n3)ccc21,CC(=O)N(C)C,0.5829921
57,57,CCn1c2ccccc2c2cc(-c3cc(-c4ccc5c(c4)c4ccccc4n5CC)nc(-c4ccc(OC)cc4)n3)ccc21,ClC=C(Cl)Cl,0.2922099
58,58,CCn1c2ccccc2c2cc(-c3cc(-c4ccc5c(c4)c4ccccc4n5CC)nc(-c4ccc(OC)cc4)n3)ccc21,CCCC#N,0.62021863
59,59,CCn1c2ccccc2c2cc(-c3cc(-c4ccc5c(c4)c4ccccc4n5CC)nc(-c4ccc(OC)cc4)n3)ccc21,CCCCCCCCCCCCCC,0.4355318
60,60,CCn1c2ccccc2c2cc(-c3cc(-c4ccc5c(c4)c4ccccc4n5CC)nc(-c4ccc(OC)cc4)n3)ccc21,CCCCCCCC,0.43553188
61,61,CCn1c2ccccc2c2cc(-c3cc(-c4ccc5c(c4)c4ccccc4n5CC)nc(-c4ccc(OC)cc4)n3)ccc21,CC(=O)C(C)(C)C,0.3239858
62,62,CCn1c2ccccc2c2cc(-c3cc(-c4ccc5c(c4)c4ccccc4n5CC)nc(-c4ccc(OC)cc4)n3)ccc21,CC(O)CO,0.4546101
63,63,CCn1c2ccccc2c2cc(-c3cc(-c4ccc5c(c4)c4ccccc4n5CC)nc(-c4ccc(OC)cc4)n3)ccc21,CCC#N,0.55749196
64,64,CCn1c2ccccc2c2cc(-c3cc(-c4ccc5c(c4)c4ccccc4n5CC)nc(-c4ccc(OC)cc4)n3)ccc21,COCCOC,0.3950483
65,65,CCn1c2ccccc2c2cc(-c3cc(-c4ccc5c(c4)c4ccccc4n5CC)nc(-c4ccc(OC)cc4)n3)ccc21,CCCCCCCCCCCO,0.32983035
66,66,CCn1c2ccccc2c2cc(-c3cc(-c4ccc5c(c4)c4ccccc4n5CC)nc(-c4ccc(OC)cc4)n3)ccc21,CCCCCCCCCC,0.43553185
67,67,CCn1c2ccccc2c2cc(-c3cc(-c4ccc5c(c4)c4ccccc4n5CC)nc(-c4ccc(OC)cc4)n3)ccc21,CCC(C)CC,0.7823957
68,68,CCn1c2ccccc2c2cc(-c3cc(-c4ccc5c(c4)c4ccccc4n5CC)nc(-c4ccc(OC)cc4)n3)ccc21,CCCCCCCCC,0.43553185
69,69,CCn1c2ccccc2c2cc(-c3cc(-c4ccc5c(c4)c4ccccc4n5CC)nc(-c4ccc(OC)cc4)n3)ccc21,CN(C)P(=O)(N(C)C)N(C)C,0.3214628
70,70,CCn1c2ccccc2c2cc(-c3cc(-c4ccc5c(c4)c4ccccc4n5CC)nc(-c4ccc(OC)cc4)n3)ccc21,CCCCCl,0.5254588
71,71,CCn1c2ccccc2c2cc(-c3cc(-c4ccc5c(c4)c4ccccc4n5CC)nc(-c4ccc(OC)cc4)n3)ccc21,COC(C)=O,0.42142165
72,72,CCn1c2ccccc2c2cc(-c3cc(-c4ccc5c(c4)c4ccccc4n5CC)nc(-c4ccc(OC)cc4)n3)ccc21,OC(C(F)(F)F)C(F)(F)F,0.8522749
73,73,CCn1c2ccccc2c2cc(-c3cc(-c4ccc5c(c4)c4ccccc4n5CC)nc(-c4ccc(OC)cc4)n3)ccc21,CCC(C)C,0.37900978
74,74,CCn1c2ccccc2c2cc(-c3cc(-c4ccc5c(c4)c4ccccc4n5CC)nc(-c4ccc(OC)cc4)n3)ccc21,S=C=S,0.5022449
75,75,CCn1c2ccccc2c2cc(-c3cc(-c4ccc5c(c4)c4ccccc4n5CC)nc(-c4ccc(OC)cc4)n3)ccc21,Cc1ccccc1C,0.7310102
76,76,CCn1c2ccccc2c2cc(-c3cc(-c4ccc5c(c4)c4ccccc4n5CC)nc(-c4ccc(OC)cc4)n3)ccc21,OC1CCCCC1,0.7098513
77,77,CCn1c2ccccc2c2cc(-c3cc(-c4ccc5c(c4)c4ccccc4n5CC)nc(-c4ccc(OC)cc4)n3)ccc21,O=C1CCCCC1,0.721803
78,78,CCn1c2ccccc2c2cc(-c3cc(-c4ccc5c(c4)c4ccccc4n5CC)nc(-c4ccc(OC)cc4)n3)ccc21,N#Cc1ccc2c(c1)c1ccccc1n2-c1cccc(-n2c3ccccc3c3ccccc32)c1,1.1096095
79,79,CCn1c2ccccc2c2cc(-c3cc(-c4ccc5c(c4)c4ccccc4n5CC)nc(-c4ccc(OC)cc4)n3)ccc21,O=P(c1ccccc1)(c1ccccc1)c1cccc(-c2cc(-n3c4ccccc4c4ccccc43)cc(-n3c4ccccc4c4ccccc43)c2)n1,0.70791334
80,80,CCn1c2ccccc2c2cc(-c3cc(-c4ccc5c(c4)c4ccccc4n5CC)nc(-c4ccc(OC)cc4)n3)ccc21,CC(C)(C)c1ccc(-n2c3ccc([Si](c4ccccc4)(c4ccccc4)c4ccccc4)cc3c3cc([Si](c4ccccc4)(c4ccccc4)c4ccccc4)ccc32)cc1,0.7073694
81,81,CCn1c2ccccc2c2cc(-c3cc(-c4ccc5c(c4)c4ccccc4n5CC)nc(-c4ccc(OC)cc4)n3)ccc21,CCC(C)=O,0.3393764
82,82,CCn1c2ccccc2c2cc(-c3cc(-c4ccc5c(c4)c4ccccc4n5CC)nc(-c4ccc(OC)cc4)n3)ccc21,Cc1ccc(C)cc1,0.39978635
83,83,CCn1c2ccccc2c2cc(-c3cc(-c4ccc5c(c4)c4ccccc4n5CC)nc(-c4ccc(OC)cc4)n3)ccc21,CN1CCCC1=O,0.34579235
84,84,CCn1c2ccccc2c2cc(-c3cc(-c4ccc5c(c4)c4ccccc4n5CC)nc(-c4ccc(OC)cc4)n3)ccc21,c1cc(-n2c3ccccc3c3ccccc32)nc(-n2c3ccccc3c3ccccc32)c1,0.5257113
85,85,CCn1c2ccccc2c2cc(-c3cc(-c4ccc5c(c4)c4ccccc4n5CC)nc(-c4ccc(OC)cc4)n3)ccc21,CCCCCCCCCCCCO,0.32983035
86,86,CCn1c2ccccc2c2cc(-c3cc(-c4ccc5c(c4)c4ccccc4n5CC)nc(-c4ccc(OC)cc4)n3)ccc21,CCCCCCCCCCCCCCCCCl,0.62356436
87,87,CCn1c2ccccc2c2cc(-c3cc(-c4ccc5c(c4)c4ccccc4n5CC)nc(-c4ccc(OC)cc4)n3)ccc21,CCCCCCCCCCCC,0.4355319
88,88,CCn1c2ccccc2c2cc(-c3cc(-c4ccc5c(c4)c4ccccc4n5CC)nc(-c4ccc(OC)cc4)n3)ccc21,Brc1ccccc1,0.3791386
89,89,CCn1c2ccccc2c2cc(-c3cc(-c4ccc5c(c4)c4ccccc4n5CC)nc(-c4ccc(OC)cc4)n3)ccc21,CCCCCCCCCO,0.32983035
90,90,CCn1c2ccccc2c2cc(-c3cc(-c4ccc5c(c4)c4ccccc4n5CC)nc(-c4ccc(OC)cc4)n3)ccc21,CCCCC(CC)n1c2ccc(-n3c4ccccc4c4ccccc43)cc2c2cc(-n3c4ccccc4c4ccccc43)ccc21,0.2986483
91,91,CCn1c2ccccc2c2cc(-c3cc(-c4ccc5c(c4)c4ccccc4n5CC)nc(-c4ccc(OC)cc4)n3)ccc21,C1CCC2CCCCC2C1,0.51767457
92,92,CCn1c2ccccc2c2cc(-c3cc(-c4ccc5c(c4)c4ccccc4n5CC)nc(-c4ccc(OC)cc4)n3)ccc21,CCCCl,0.4531018
93,93,CCn1c2ccccc2c2cc(-c3cc(-c4ccc5c(c4)c4ccccc4n5CC)nc(-c4ccc(OC)cc4)n3)ccc21,COc1ccccc1,0.4708131
94,94,CCn1c2ccccc2c2cc(-c3cc(-c4ccc5c(c4)c4ccccc4n5CC)nc(-c4ccc(OC)cc4)n3)ccc21,Clc1ccccc1Cl,0.8301254
95,95,CCn1c2ccccc2c2cc(-c3cc(-c4ccc5c(c4)c4ccccc4n5CC)nc(-c4ccc(OC)cc4)n3)ccc21,c1ccc([Si](c2ccccc2)(c2ccc(-n3c4ccccc4c4ccccc43)cc2)c2ccc(-n3c4ccccc4c4ccccc43)cc2)cc1,0.8405669
96,96,CCn1c2ccccc2c2cc(-c3cc(-c4ccc5c(c4)c4ccccc4n5CC)nc(-c4ccc(OC)cc4)n3)ccc21,CN(C)C(=O)N(C)C,0.31362915
97,97,CCn1c2ccccc2c2cc(-c3cc(-c4ccc5c(c4)c4ccccc4n5CC)nc(-c4ccc(OC)cc4)n3)ccc21,c1ccc(-n2c(-c3c(-n4c5ccccc5c5ccccc54)cccc3-n3c4ccccc4c4ccccc43)nc3ccccc32)cc1,1.0143943
98,98,CCn1c2ccccc2c2cc(-c3cc(-c4ccc5c(c4)c4ccccc4n5CC)nc(-c4ccc(OC)cc4)n3)ccc21,O=[N+]([O-])c1ccccc1,0.64143395
99,99,CCn1c2ccccc2c2cc(-c3cc(-c4ccc5c(c4)c4ccccc4n5CC)nc(-c4ccc(OC)cc4)n3)ccc21,O=C1CCCO1,0.2929703
100,100,CCCCN1C(=O)c2cc(Br)c3c4c(Br)cc5c6c(cc(Br)c(c7c(Br)cc(c2c37)C1=O)c64)C(=O)N(CCCC)C5=O,ClCCl,0.30934137
101,101,CCCCN1C(=O)c2cc(Br)c3c4c(Br)cc5c6c(cc(Br)c(c7c(Br)cc(c2c37)C1=O)c64)C(=O)N(CCCC)C5=O,CC#N,0.284339
102,102,CCCCN1C(=O)c2cc(Br)c3c4c(Br)cc5c6c(cc(Br)c(c7c(Br)cc(c2c37)C1=O)c64)C(=O)N(CCCC)C5=O,Cc1ccccc1,0.4374557
103,103,CCCCN1C(=O)c2cc(Br)c3c4c(Br)cc5c6c(cc(Br)c(c7c(Br)cc(c2c37)C1=O)c64)C(=O)N(CCCC)C5=O,C1CCOC1,0.3504449
104,104,CCCCN1C(=O)c2cc(Br)c3c4c(Br)cc5c6c(cc(Br)c(c7c(Br)cc(c2c37)C1=O)c64)C(=O)N(CCCC)C5=O,ClC(Cl)Cl,0.3394488
105,105,CCCCN1C(=O)c2cc(Br)c3c4c(Br)cc5c6c(cc(Br)c(c7c(Br)cc(c2c37)C1=O)c64)C(=O)N(CCCC)C5=O,CO,0.33540505
106,106,CCCCN1C(=O)c2cc(Br)c3c4c(Br)cc5c6c(cc(Br)c(c7c(Br)cc(c2c37)C1=O)c64)C(=O)N(CCCC)C5=O,CCO,0.3617414
107,107,CCCCN1C(=O)c2cc(Br)c3c4c(Br)cc5c6c(cc(Br)c(c7c(Br)cc(c2c37)C1=O)c64)C(=O)N(CCCC)C5=O,CS(C)=O,0.47936267
108,108,CCCCN1C(=O)c2cc(Br)c3c4c(Br)cc5c6c(cc(Br)c(c7c(Br)cc(c2c37)C1=O)c64)C(=O)N(CCCC)C5=O,C1CCCCC1,0.2214639
109,109,CCCCN1C(=O)c2cc(Br)c3c4c(Br)cc5c6c(cc(Br)c(c7c(Br)cc(c2c37)C1=O)c64)C(=O)N(CCCC)C5=O,CN(C)C=O,0.49843007
110,110,CCCCN1C(=O)c2cc(Br)c3c4c(Br)cc5c6c(cc(Br)c(c7c(Br)cc(c2c37)C1=O)c64)C(=O)N(CCCC)C5=O,CCCCCC,0.32453057
111,111,CCCCN1C(=O)c2cc(Br)c3c4c(Br)cc5c6c(cc(Br)c(c7c(Br)cc(c2c37)C1=O)c64)C(=O)N(CCCC)C5=O,CCOC(C)=O,0.37713504
112,112,CCCCN1C(=O)c2cc(Br)c3c4c(Br)cc5c6c(cc(Br)c(c7c(Br)cc(c2c37)C1=O)c64)C(=O)N(CCCC)C5=O,O,0.22988954
113,113,CCCCN1C(=O)c2cc(Br)c3c4c(Br)cc5c6c(cc(Br)c(c7c(Br)cc(c2c37)C1=O)c64)C(=O)N(CCCC)C5=O,C1COCCO1,0.3912338
114,114,CCCCN1C(=O)c2cc(Br)c3c4c(Br)cc5c6c(cc(Br)c(c7c(Br)cc(c2c37)C1=O)c64)C(=O)N(CCCC)C5=O,CC(C)=O,0.37849736
115,115,CCCCN1C(=O)c2cc(Br)c3c4c(Br)cc5c6c(cc(Br)c(c7c(Br)cc(c2c37)C1=O)c64)C(=O)N(CCCC)C5=O,c1ccccc1,0.17687008
116,116,CCCCN1C(=O)c2cc(Br)c3c4c(Br)cc5c6c(cc(Br)c(c7c(Br)cc(c2c37)C1=O)c64)C(=O)N(CCCC)C5=O,CC(C)O,0.44460446
117,117,CCCCN1C(=O)c2cc(Br)c3c4c(Br)cc5c6c(cc(Br)c(c7c(Br)cc(c2c37)C1=O)c64)C(=O)N(CCCC)C5=O,CCOCC,0.20167983
118,118,CCCCN1C(=O)c2cc(Br)c3c4c(Br)cc5c6c(cc(Br)c(c7c(Br)cc(c2c37)C1=O)c64)C(=O)N(CCCC)C5=O,CCCCO,0.5086877
119,119,CCCCN1C(=O)c2cc(Br)c3c4c(Br)cc5c6c(cc(Br)c(c7c(Br)cc(c2c37)C1=O)c64)C(=O)N(CCCC)C5=O,CCCO,0.31687564
120,120,CCCCN1C(=O)c2cc(Br)c3c4c(Br)cc5c6c(cc(Br)c(c7c(Br)cc(c2c37)C1=O)c64)C(=O)N(CCCC)C5=O,O=P(c1ccccc1)(c1ccccc1)c1ccccc1Oc1ccccc1P(=O)(c1ccccc1)c1ccccc1,0.5587126
121,121,CCCCN1C(=O)c2cc(Br)c3c4c(Br)cc5c6c(cc(Br)c(c7c(Br)cc(c2c37)C1=O)c64)C(=O)N(CCCC)C5=O,CCCCCCC,0.32453054
122,122,CCCCN1C(=O)c2cc(Br)c3c4c(Br)cc5c6c(cc(Br)c(c7c(Br)cc(c2c37)C1=O)c64)C(=O)N(CCCC)C5=O,ClC(Cl)(Cl)Cl,0.3781281
123,123,CCCCN1C(=O)c2cc(Br)c3c4c(Br)cc5c6c(cc(Br)c(c7c(Br)cc(c2c37)C1=O)c64)C(=O)N(CCCC)C5=O,CCCCOCCCC,0.3475179
124,124,CCCCN1C(=O)c2cc(Br)c3c4c(Br)cc5c6c(cc(Br)c(c7c(Br)cc(c2c37)C1=O)c64)C(=O)N(CCCC)C5=O,CC1CCCCC1,0.625906
125,125,CCCCN1C(=O)c2cc(Br)c3c4c(Br)cc5c6c(cc(Br)c(c7c(Br)cc(c2c37)C1=O)c64)C(=O)N(CCCC)C5=O,CCCCCCCCO,0.48589027
126,126,CCCCN1C(=O)c2cc(Br)c3c4c(Br)cc5c6c(cc(Br)c(c7c(Br)cc(c2c37)C1=O)c64)C(=O)N(CCCC)C5=O,OCC(F)(F)F,0.47910178
127,127,CCCCN1C(=O)c2cc(Br)c3c4c(Br)cc5c6c(cc(Br)c(c7c(Br)cc(c2c37)C1=O)c64)C(=O)N(CCCC)C5=O,OCCO,0.47473395
128,128,CCCCN1C(=O)c2cc(Br)c3c4c(Br)cc5c6c(cc(Br)c(c7c(Br)cc(c2c37)C1=O)c64)C(=O)N(CCCC)C5=O,c1ccc2c(c1)c1ccccc1n2-c1ccc(-c2ccc(-n3c4ccccc4c4ccccc43)cc2)cc1,0.6536893
129,129,CCCCN1C(=O)c2cc(Br)c3c4c(Br)cc5c6c(cc(Br)c(c7c(Br)cc(c2c37)C1=O)c64)C(=O)N(CCCC)C5=O,CCCCCCO,0.48589027
130,130,CCCCN1C(=O)c2cc(Br)c3c4c(Br)cc5c6c(cc(Br)c(c7c(Br)cc(c2c37)C1=O)c64)C(=O)N(CCCC)C5=O,c1cc(-c2cccc(-n3c4ccccc4c4ccccc43)c2)cc(-n2c3ccccc3c3ccccc32)c1,0.49203622
131,131,CCCCN1C(=O)c2cc(Br)c3c4c(Br)cc5c6c(cc(Br)c(c7c(Br)cc(c2c37)C1=O)c64)C(=O)N(CCCC)C5=O,c1ccncc1,0.4897607
132,132,CCCCN1C(=O)c2cc(Br)c3c4c(Br)cc5c6c(cc(Br)c(c7c(Br)cc(c2c37)C1=O)c64)C(=O)N(CCCC)C5=O,OCC(O)CO,0.50773007
133,133,CCCCN1C(=O)c2cc(Br)c3c4c(Br)cc5c6c(cc(Br)c(c7c(Br)cc(c2c37)C1=O)c64)C(=O)N(CCCC)C5=O,CCCCCO,0.48589027
134,134,CCCCN1C(=O)c2cc(Br)c3c4c(Br)cc5c6c(cc(Br)c(c7c(Br)cc(c2c37)C1=O)c64)C(=O)N(CCCC)C5=O,c1cc(-n2c3ccccc3c3ccccc32)cc(-n2c3ccccc3c3ccccc32)c1,0.5528289
135,135,CCCCN1C(=O)c2cc(Br)c3c4c(Br)cc5c6c(cc(Br)c(c7c(Br)cc(c2c37)C1=O)c64)C(=O)N(CCCC)C5=O,CC(C)(C)O,0.5554966
136,136,CCCCN1C(=O)c2cc(Br)c3c4c(Br)cc5c6c(cc(Br)c(c7c(Br)cc(c2c37)C1=O)c64)C(=O)N(CCCC)C5=O,CC1CCCO1,0.5930366
137,137,CCCCN1C(=O)c2cc(Br)c3c4c(Br)cc5c6c(cc(Br)c(c7c(Br)cc(c2c37)C1=O)c64)C(=O)N(CCCC)C5=O,NC=O,0.48162997
138,138,CCCCN1C(=O)c2cc(Br)c3c4c(Br)cc5c6c(cc(Br)c(c7c(Br)cc(c2c37)C1=O)c64)C(=O)N(CCCC)C5=O,CC(C)CO,0.60327375
139,139,CCCCN1C(=O)c2cc(Br)c3c4c(Br)cc5c6c(cc(Br)c(c7c(Br)cc(c2c37)C1=O)c64)C(=O)N(CCCC)C5=O,CCN(CC)CC,0.4584726
140,140,CCCCN1C(=O)c2cc(Br)c3c4c(Br)cc5c6c(cc(Br)c(c7c(Br)cc(c2c37)C1=O)c64)C(=O)N(CCCC)C5=O,CCCCCCCCCCO,0.48589027
141,141,CCCCN1C(=O)c2cc(Br)c3c4c(Br)cc5c6c(cc(Br)c(c7c(Br)cc(c2c37)C1=O)c64)C(=O)N(CCCC)C5=O,O=P(c1ccccc1)(c1ccccc1)c1ccc2oc3ccc(P(=O)(c4ccccc4)c4ccccc4)cc3c2c1,0.6313832
142,142,CCCCN1C(=O)c2cc(Br)c3c4c(Br)cc5c6c(cc(Br)c(c7c(Br)cc(c2c37)C1=O)c64)C(=O)N(CCCC)C5=O,CCCCC,0.5022055
143,143,CCCCN1C(=O)c2cc(Br)c3c4c(Br)cc5c6c(cc(Br)c(c7c(Br)cc(c2c37)C1=O)c64)C(=O)N(CCCC)C5=O,ClCCCl,0.25942725
144,144,CCCCN1C(=O)c2cc(Br)c3c4c(Br)cc5c6c(cc(Br)c(c7c(Br)cc(c2c37)C1=O)c64)C(=O)N(CCCC)C5=O,CC(=O)O,0.4634018
145,145,CCCCN1C(=O)c2cc(Br)c3c4c(Br)cc5c6c(cc(Br)c(c7c(Br)cc(c2c37)C1=O)c64)C(=O)N(CCCC)C5=O,OCCOCCO,0.3826507
146,146,CCCCN1C(=O)c2cc(Br)c3c4c(Br)cc5c6c(cc(Br)c(c7c(Br)cc(c2c37)C1=O)c64)C(=O)N(CCCC)C5=O,CC1COC(=O)O1,0.5056762
147,147,CCCCN1C(=O)c2cc(Br)c3c4c(Br)cc5c6c(cc(Br)c(c7c(Br)cc(c2c37)C1=O)c64)C(=O)N(CCCC)C5=O,N#Cc1ccccc1,0.64065355
148,148,CCCCN1C(=O)c2cc(Br)c3c4c(Br)cc5c6c(cc(Br)c(c7c(Br)cc(c2c37)C1=O)c64)C(=O)N(CCCC)C5=O,Clc1ccccc1,0.58932364
149,149,CCCCN1C(=O)c2cc(Br)c3c4c(Br)cc5c6c(cc(Br)c(c7c(Br)cc(c2c37)C1=O)c64)C(=O)N(CCCC)C5=O,CC(C)CC(C)(C)C,0.36552027
150,150,CCCCN1C(=O)c2cc(Br)c3c4c(Br)cc5c6c(cc(Br)c(c7c(Br)cc(c2c37)C1=O)c64)C(=O)N(CCCC)C5=O,CNC=O,0.35496068
151,151,CCCCN1C(=O)c2cc(Br)c3c4c(Br)cc5c6c(cc(Br)c(c7c(Br)cc(c2c37)C1=O)c64)C(=O)N(CCCC)C5=O,CC(C)OC(C)C,0.34172943
152,152,CCCCN1C(=O)c2cc(Br)c3c4c(Br)cc5c6c(cc(Br)c(c7c(Br)cc(c2c37)C1=O)c64)C(=O)N(CCCC)C5=O,CCCCCCCO,0.48589033
153,153,CCCCN1C(=O)c2cc(Br)c3c4c(Br)cc5c6c(cc(Br)c(c7c(Br)cc(c2c37)C1=O)c64)C(=O)N(CCCC)C5=O,[2H]O[2H],0.4460401
154,154,CCCCN1C(=O)c2cc(Br)c3c4c(Br)cc5c6c(cc(Br)c(c7c(Br)cc(c2c37)C1=O)c64)C(=O)N(CCCC)C5=O,CCCCCCCCCCCCCCCC,0.32453057
155,155,CCCCN1C(=O)c2cc(Br)c3c4c(Br)cc5c6c(cc(Br)c(c7c(Br)cc(c2c37)C1=O)c64)C(=O)N(CCCC)C5=O,CCCCOC(C)=O,0.35399365
156,156,CCCCN1C(=O)c2cc(Br)c3c4c(Br)cc5c6c(cc(Br)c(c7c(Br)cc(c2c37)C1=O)c64)C(=O)N(CCCC)C5=O,CC(=O)N(C)C,0.37245983
157,157,CCCCN1C(=O)c2cc(Br)c3c4c(Br)cc5c6c(cc(Br)c(c7c(Br)cc(c2c37)C1=O)c64)C(=O)N(CCCC)C5=O,ClC=C(Cl)Cl,0.4047353
158,158,CCCCN1C(=O)c2cc(Br)c3c4c(Br)cc5c6c(cc(Br)c(c7c(Br)cc(c2c37)C1=O)c64)C(=O)N(CCCC)C5=O,CCCC#N,0.55687165
159,159,CCCCN1C(=O)c2cc(Br)c3c4c(Br)cc5c6c(cc(Br)c(c7c(Br)cc(c2c37)C1=O)c64)C(=O)N(CCCC)C5=O,CCCCCCCCCCCCCC,0.32453054
160,160,CCCCN1C(=O)c2cc(Br)c3c4c(Br)cc5c6c(cc(Br)c(c7c(Br)cc(c2c37)C1=O)c64)C(=O)N(CCCC)C5=O,CCCCCCCC,0.32453057
161,161,CCCCN1C(=O)c2cc(Br)c3c4c(Br)cc5c6c(cc(Br)c(c7c(Br)cc(c2c37)C1=O)c64)C(=O)N(CCCC)C5=O,CC(=O)C(C)(C)C,0.39193088
162,162,CCCCN1C(=O)c2cc(Br)c3c4c(Br)cc5c6c(cc(Br)c(c7c(Br)cc(c2c37)C1=O)c64)C(=O)N(CCCC)C5=O,CC(O)CO,0.4533956
163,163,CCCCN1C(=O)c2cc(Br)c3c4c(Br)cc5c6c(cc(Br)c(c7c(Br)cc(c2c37)C1=O)c64)C(=O)N(CCCC)C5=O,CCC#N,0.39261717
164,164,CCCCN1C(=O)c2cc(Br)c3c4c(Br)cc5c6c(cc(Br)c(c7c(Br)cc(c2c37)C1=O)c64)C(=O)N(CCCC)C5=O,COCCOC,0.5068716
165,165,CCCCN1C(=O)c2cc(Br)c3c4c(Br)cc5c6c(cc(Br)c(c7c(Br)cc(c2c37)C1=O)c64)C(=O)N(CCCC)C5=O,CCCCCCCCCCCO,0.4858904
166,166,CCCCN1C(=O)c2cc(Br)c3c4c(Br)cc5c6c(cc(Br)c(c7c(Br)cc(c2c37)C1=O)c64)C(=O)N(CCCC)C5=O,CCCCCCCCCC,0.3245305
167,167,CCCCN1C(=O)c2cc(Br)c3c4c(Br)cc5c6c(cc(Br)c(c7c(Br)cc(c2c37)C1=O)c64)C(=O)N(CCCC)C5=O,CCC(C)CC,0.5541967
168,168,CCCCN1C(=O)c2cc(Br)c3c4c(Br)cc5c6c(cc(Br)c(c7c(Br)cc(c2c37)C1=O)c64)C(=O)N(CCCC)C5=O,CCCCCCCCC,0.32453057
169,169,CCCCN1C(=O)c2cc(Br)c3c4c(Br)cc5c6c(cc(Br)c(c7c(Br)cc(c2c37)C1=O)c64)C(=O)N(CCCC)C5=O,CN(C)P(=O)(N(C)C)N(C)C,0.35231626
170,170,CCCCN1C(=O)c2cc(Br)c3c4c(Br)cc5c6c(cc(Br)c(c7c(Br)cc(c2c37)C1=O)c64)C(=O)N(CCCC)C5=O,CCCCCl,0.42989653
171,171,CCCCN1C(=O)c2cc(Br)c3c4c(Br)cc5c6c(cc(Br)c(c7c(Br)cc(c2c37)C1=O)c64)C(=O)N(CCCC)C5=O,COC(C)=O,0.45600218
172,172,CCCCN1C(=O)c2cc(Br)c3c4c(Br)cc5c6c(cc(Br)c(c7c(Br)cc(c2c37)C1=O)c64)C(=O)N(CCCC)C5=O,OC(C(F)(F)F)C(F)(F)F,0.7554823
173,173,CCCCN1C(=O)c2cc(Br)c3c4c(Br)cc5c6c(cc(Br)c(c7c(Br)cc(c2c37)C1=O)c64)C(=O)N(CCCC)C5=O,CCC(C)C,0.49681008
174,174,CCCCN1C(=O)c2cc(Br)c3c4c(Br)cc5c6c(cc(Br)c(c7c(Br)cc(c2c37)C1=O)c64)C(=O)N(CCCC)C5=O,S=C=S,0.44550443
175,175,CCCCN1C(=O)c2cc(Br)c3c4c(Br)cc5c6c(cc(Br)c(c7c(Br)cc(c2c37)C1=O)c64)C(=O)N(CCCC)C5=O,Cc1ccccc1C,0.5212613
176,176,CCCCN1C(=O)c2cc(Br)c3c4c(Br)cc5c6c(cc(Br)c(c7c(Br)cc(c2c37)C1=O)c64)C(=O)N(CCCC)C5=O,OC1CCCCC1,0.73471874
177,177,CCCCN1C(=O)c2cc(Br)c3c4c(Br)cc5c6c(cc(Br)c(c7c(Br)cc(c2c37)C1=O)c64)C(=O)N(CCCC)C5=O,O=C1CCCCC1,0.5891211
178,178,CCCCN1C(=O)c2cc(Br)c3c4c(Br)cc5c6c(cc(Br)c(c7c(Br)cc(c2c37)C1=O)c64)C(=O)N(CCCC)C5=O,N#Cc1ccc2c(c1)c1ccccc1n2-c1cccc(-n2c3ccccc3c3ccccc32)c1,0.6695227
179,179,CCCCN1C(=O)c2cc(Br)c3c4c(Br)cc5c6c(cc(Br)c(c7c(Br)cc(c2c37)C1=O)c64)C(=O)N(CCCC)C5=O,O=P(c1ccccc1)(c1ccccc1)c1cccc(-c2cc(-n3c4ccccc4c4ccccc43)cc(-n3c4ccccc4c4ccccc43)c2)n1,0.52920663
180,180,CCCCN1C(=O)c2cc(Br)c3c4c(Br)cc5c6c(cc(Br)c(c7c(Br)cc(c2c37)C1=O)c64)C(=O)N(CCCC)C5=O,CC(C)(C)c1ccc(-n2c3ccc([Si](c4ccccc4)(c4ccccc4)c4ccccc4)cc3c3cc([Si](c4ccccc4)(c4ccccc4)c4ccccc4)ccc32)cc1,0.6575005
181,181,CCCCN1C(=O)c2cc(Br)c3c4c(Br)cc5c6c(cc(Br)c(c7c(Br)cc(c2c37)C1=O)c64)C(=O)N(CCCC)C5=O,CCC(C)=O,0.37989616
182,182,CCCCN1C(=O)c2cc(Br)c3c4c(Br)cc5c6c(cc(Br)c(c7c(Br)cc(c2c37)C1=O)c64)C(=O)N(CCCC)C5=O,Cc1ccc(C)cc1,0.41740045
183,183,CCCCN1C(=O)c2cc(Br)c3c4c(Br)cc5c6c(cc(Br)c(c7c(Br)cc(c2c37)C1=O)c64)C(=O)N(CCCC)C5=O,CN1CCCC1=O,0.2636459
184,184,CCCCN1C(=O)c2cc(Br)c3c4c(Br)cc5c6c(cc(Br)c(c7c(Br)cc(c2c37)C1=O)c64)C(=O)N(CCCC)C5=O,c1cc(-n2c3ccccc3c3ccccc32)nc(-n2c3ccccc3c3ccccc32)c1,0.5705892
185,185,CCCCN1C(=O)c2cc(Br)c3c4c(Br)cc5c6c(cc(Br)c(c7c(Br)cc(c2c37)C1=O)c64)C(=O)N(CCCC)C5=O,CCCCCCCCCCCCO,0.48589033
186,186,CCCCN1C(=O)c2cc(Br)c3c4c(Br)cc5c6c(cc(Br)c(c7c(Br)cc(c2c37)C1=O)c64)C(=O)N(CCCC)C5=O,CCCCCCCCCCCCCCCCCl,0.4641447
187,187,CCCCN1C(=O)c2cc(Br)c3c4c(Br)cc5c6c(cc(Br)c(c7c(Br)cc(c2c37)C1=O)c64)C(=O)N(CCCC)C5=O,CCCCCCCCCCCC,0.32453057
188,188,CCCCN1C(=O)c2cc(Br)c3c4c(Br)cc5c6c(cc(Br)c(c7c(Br)cc(c2c37)C1=O)c64)C(=O)N(CCCC)C5=O,Brc1ccccc1,0.4637559
189,189,CCCCN1C(=O)c2cc(Br)c3c4c(Br)cc5c6c(cc(Br)c(c7c(Br)cc(c2c37)C1=O)c64)C(=O)N(CCCC)C5=O,CCCCCCCCCO,0.4858904
190,190,CCCCN1C(=O)c2cc(Br)c3c4c(Br)cc5c6c(cc(Br)c(c7c(Br)cc(c2c37)C1=O)c64)C(=O)N(CCCC)C5=O,CCCCC(CC)n1c2ccc(-n3c4ccccc4c4ccccc43)cc2c2cc(-n3c4ccccc4c4ccccc43)ccc21,0.411237
191,191,CCCCN1C(=O)c2cc(Br)c3c4c(Br)cc5c6c(cc(Br)c(c7c(Br)cc(c2c37)C1=O)c64)C(=O)N(CCCC)C5=O,C1CCC2CCCCC2C1,0.4136945
192,192,CCCCN1C(=O)c2cc(Br)c3c4c(Br)cc5c6c(cc(Br)c(c7c(Br)cc(c2c37)C1=O)c64)C(=O)N(CCCC)C5=O,CCCCl,0.38706213
193,193,CCCCN1C(=O)c2cc(Br)c3c4c(Br)cc5c6c(cc(Br)c(c7c(Br)cc(c2c37)C1=O)c64)C(=O)N(CCCC)C5=O,COc1ccccc1,0.5288114
194,194,CCCCN1C(=O)c2cc(Br)c3c4c(Br)cc5c6c(cc(Br)c(c7c(Br)cc(c2c37)C1=O)c64)C(=O)N(CCCC)C5=O,Clc1ccccc1Cl,0.7046066
195,195,CCCCN1C(=O)c2cc(Br)c3c4c(Br)cc5c6c(cc(Br)c(c7c(Br)cc(c2c37)C1=O)c64)C(=O)N(CCCC)C5=O,c1ccc([Si](c2ccccc2)(c2ccc(-n3c4ccccc4c4ccccc43)cc2)c2ccc(-n3c4ccccc4c4ccccc43)cc2)cc1,0.58935565
196,196,CCCCN1C(=O)c2cc(Br)c3c4c(Br)cc5c6c(cc(Br)c(c7c(Br)cc(c2c37)C1=O)c64)C(=O)N(CCCC)C5=O,CN(C)C(=O)N(C)C,0.36722678
197,197,CCCCN1C(=O)c2cc(Br)c3c4c(Br)cc5c6c(cc(Br)c(c7c(Br)cc(c2c37)C1=O)c64)C(=O)N(CCCC)C5=O,c1ccc(-n2c(-c3c(-n4c5ccccc5c5ccccc54)cccc3-n3c4ccccc4c4ccccc43)nc3ccccc32)cc1,0.67337155
198,198,CCCCN1C(=O)c2cc(Br)c3c4c(Br)cc5c6c(cc(Br)c(c7c(Br)cc(c2c37)C1=O)c64)C(=O)N(CCCC)C5=O,O=[N+]([O-])c1ccccc1,0.6914611
199,199,CCCCN1C(=O)c2cc(Br)c3c4c(Br)cc5c6c(cc(Br)c(c7c(Br)cc(c2c37)C1=O)c64)C(=O)N(CCCC)C5=O,O=C1CCCO1,0.3728847
200,200,O=c1oc2c(ccc3ccccc32)nc1-c1ccccc1,ClCCl,0.45254052
201,201,O=c1oc2c(ccc3ccccc32)nc1-c1ccccc1,CC#N,0.35105288
202,202,O=c1oc2c(ccc3ccccc32)nc1-c1ccccc1,Cc1ccccc1,0.45705724
203,203,O=c1oc2c(ccc3ccccc32)nc1-c1ccccc1,C1CCOC1,0.3882587
204,204,O=c1oc2c(ccc3ccccc32)nc1-c1ccccc1,ClC(Cl)Cl,0.44414324
205,205,O=c1oc2c(ccc3ccccc32)nc1-c1ccccc1,CO,0.34688723
206,206,O=c1oc2c(ccc3ccccc32)nc1-c1ccccc1,CCO,0.2785788
207,207,O=c1oc2c(ccc3ccccc32)nc1-c1ccccc1,CS(C)=O,0.29229248
208,208,O=c1oc2c(ccc3ccccc32)nc1-c1ccccc1,C1CCCCC1,0.38954544
209,209,O=c1oc2c(ccc3ccccc32)nc1-c1ccccc1,CN(C)C=O,0.37434292
210,210,O=c1oc2c(ccc3ccccc32)nc1-c1ccccc1,CCCCCC,0.17112699
211,211,O=c1oc2c(ccc3ccccc32)nc1-c1ccccc1,CCOC(C)=O,0.43939424
212,212,O=c1oc2c(ccc3ccccc32)nc1-c1ccccc1,O,0.19025584
213,213,O=c1oc2c(ccc3ccccc32)nc1-c1ccccc1,C1COCCO1,0.39811802
214,214,O=c1oc2c(ccc3ccccc32)nc1-c1ccccc1,CC(C)=O,0.4094612
215,215,O=c1oc2c(ccc3ccccc32)nc1-c1ccccc1,c1ccccc1,0.42928392
216,216,O=c1oc2c(ccc3ccccc32)nc1-c1ccccc1,CC(C)O,0.3844056
217,217,O=c1oc2c(ccc3ccccc32)nc1-c1ccccc1,CCOCC,0.27062452
218,218,O=c1oc2c(ccc3ccccc32)nc1-c1ccccc1,CCCCO,0.3457421
219,219,O=c1oc2c(ccc3ccccc32)nc1-c1ccccc1,CCCO,0.35489604
220,220,O=c1oc2c(ccc3ccccc32)nc1-c1ccccc1,O=P(c1ccccc1)(c1ccccc1)c1ccccc1Oc1ccccc1P(=O)(c1ccccc1)c1ccccc1,0.6843485
221,221,O=c1oc2c(ccc3ccccc32)nc1-c1ccccc1,CCCCCCC,0.17112699
222,222,O=c1oc2c(ccc3ccccc32)nc1-c1ccccc1,ClC(Cl)(Cl)Cl,0.42128974
223,223,O=c1oc2c(ccc3ccccc32)nc1-c1ccccc1,CCCCOCCCC,0.23988163
224,224,O=c1oc2c(ccc3ccccc32)nc1-c1ccccc1,CC1CCCCC1,0.6608932
225,225,O=c1oc2c(ccc3ccccc32)nc1-c1ccccc1,CCCCCCCCO,0.3908877
226,226,O=c1oc2c(ccc3ccccc32)nc1-c1ccccc1,OCC(F)(F)F,0.28062904
227,227,O=c1oc2c(ccc3ccccc32)nc1-c1ccccc1,OCCO,0.3560026
228,228,O=c1oc2c(ccc3ccccc32)nc1-c1ccccc1,c1ccc2c(c1)c1ccccc1n2-c1ccc(-c2ccc(-n3c4ccccc4c4ccccc43)cc2)cc1,0.7303547
229,229,O=c1oc2c(ccc3ccccc32)nc1-c1ccccc1,CCCCCCO,0.39088768
230,230,O=c1oc2c(ccc3ccccc32)nc1-c1ccccc1,c1cc(-c2cccc(-n3c4ccccc4c4ccccc43)c2)cc(-n2c3ccccc3c3ccccc32)c1,0.6076636
231,231,O=c1oc2c(ccc3ccccc32)nc1-c1ccccc1,c1ccncc1,0.48857617
232,232,O=c1oc2c(ccc3ccccc32)nc1-c1ccccc1,OCC(O)CO,0.44294202
233,233,O=c1oc2c(ccc3ccccc32)nc1-c1ccccc1,CCCCCO,0.39088768
234,234,O=c1oc2c(ccc3ccccc32)nc1-c1ccccc1,c1cc(-n2c3ccccc3c3ccccc32)cc(-n2c3ccccc3c3ccccc32)c1,0.38185942
235,235,O=c1oc2c(ccc3ccccc32)nc1-c1ccccc1,CC(C)(C)O,0.5124269
236,236,O=c1oc2c(ccc3ccccc32)nc1-c1ccccc1,CC1CCCO1,0.39866903
237,237,O=c1oc2c(ccc3ccccc32)nc1-c1ccccc1,NC=O,0.3986776
238,238,O=c1oc2c(ccc3ccccc32)nc1-c1ccccc1,CC(C)CO,0.5868377
239,239,O=c1oc2c(ccc3ccccc32)nc1-c1ccccc1,CCN(CC)CC,0.37257135
240,240,O=c1oc2c(ccc3ccccc32)nc1-c1ccccc1,CCCCCCCCCCO,0.39088774
241,241,O=c1oc2c(ccc3ccccc32)nc1-c1ccccc1,O=P(c1ccccc1)(c1ccccc1)c1ccc2oc3ccc(P(=O)(c4ccccc4)c4ccccc4)cc3c2c1,0.62439245
242,242,O=c1oc2c(ccc3ccccc32)nc1-c1ccccc1,CCCCC,0.41331765
243,243,O=c1oc2c(ccc3ccccc32)nc1-c1ccccc1,ClCCCl,0.29191363
244,244,O=c1oc2c(ccc3ccccc32)nc1-c1ccccc1,CC(=O)O,0.38650683
245,245,O=c1oc2c(ccc3ccccc32)nc1-c1ccccc1,OCCOCCO,0.33294043
246,246,O=c1oc2c(ccc3ccccc32)nc1-c1ccccc1,CC1COC(=O)O1,0.39465815
247,247,O=c1oc2c(ccc3ccccc32)nc1-c1ccccc1,N#Cc1ccccc1,0.50979775
248,248,O=c1oc2c(ccc3ccccc32)nc1-c1ccccc1,Clc1ccccc1,0.6252576
249,249,O=c1oc2c(ccc3ccccc32)nc1-c1ccccc1,CC(C)CC(C)(C)C,0.37152958
250,250,O=c1oc2c(ccc3ccccc32)nc1-c1ccccc1,CNC=O,0.3913086
251,251,O=c1oc2c(ccc3ccccc32)nc1-c1ccccc1,CC(C)OC(C)C,0.36101824
252,252,O=c1oc2c(ccc3ccccc32)nc1-c1ccccc1,CCCCCCCO,0.3908877
253,253,O=c1oc2c(ccc3ccccc32)nc1-c1ccccc1,[2H]O[2H],0.24171272
254,254,O=c1oc2c(ccc3ccccc32)nc1-c1ccccc1,CCCCCCCCCCCCCCCC,0.17112699
255,255,O=c1oc2c(ccc3ccccc32)nc1-c1ccccc1,CCCCOC(C)=O,0.4205589
256,256,O=c1oc2c(ccc3ccccc32)nc1-c1ccccc1,CC(=O)N(C)C,0.36854005
257,257,O=c1oc2c(ccc3ccccc32)nc1-c1ccccc1,ClC=C(Cl)Cl,0.31779903
258,258,O=c1oc2c(ccc3ccccc32)nc1-c1ccccc1,CCCC#N,0.44817483
259,259,O=c1oc2c(ccc3ccccc32)nc1-c1ccccc1,CCCCCCCCCCCCCC,0.17112696
260,260,O=c1oc2c(ccc3ccccc32)nc1-c1ccccc1,CCCCCCCC,0.17112696
261,261,O=c1oc2c(ccc3ccccc32)nc1-c1ccccc1,CC(=O)C(C)(C)C,0.29500085
262,262,O=c1oc2c(ccc3ccccc32)nc1-c1ccccc1,CC(O)CO,0.31100988
263,263,O=c1oc2c(ccc3ccccc32)nc1-c1ccccc1,CCC#N,0.48926675
264,264,O=c1oc2c(ccc3ccccc32)nc1-c1ccccc1,COCCOC,0.31502125
265,265,O=c1oc2c(ccc3ccccc32)nc1-c1ccccc1,CCCCCCCCCCCO,0.39088774
266,266,O=c1oc2c(ccc3ccccc32)nc1-c1ccccc1,CCCCCCCCCC,0.17112699
267,267,O=c1oc2c(ccc3ccccc32)nc1-c1ccccc1,CCC(C)CC,0.66066694
268,268,O=c1oc2c(ccc3ccccc32)nc1-c1ccccc1,CCCCCCCCC,0.17112698
269,269,O=c1oc2c(ccc3ccccc32)nc1-c1ccccc1,CN(C)P(=O)(N(C)C)N(C)C,0.28918856
270,270,O=c1oc2c(ccc3ccccc32)nc1-c1ccccc1,CCCCCl,0.38766977
271,271,O=c1oc2c(ccc3ccccc32)nc1-c1ccccc1,COC(C)=O,0.43648887
272,272,O=c1oc2c(ccc3ccccc32)nc1-c1ccccc1,OC(C(F)(F)F)C(F)(F)F,0.7703539
273,273,O=c1oc2c(ccc3ccccc32)nc1-c1ccccc1,CCC(C)C,0.40866137
274,274,O=c1oc2c(ccc3ccccc32)nc1-c1ccccc1,S=C=S,0.59504586
275,275,O=c1oc2c(ccc3ccccc32)nc1-c1ccccc1,Cc1ccccc1C,0.41933355
276,276,O=c1oc2c(ccc3ccccc32)nc1-c1ccccc1,OC1CCCCC1,0.7814924
277,277,O=c1oc2c(ccc3ccccc32)nc1-c1ccccc1,O=C1CCCCC1,0.8213166
278,278,O=c1oc2c(ccc3ccccc32)nc1-c1ccccc1,N#Cc1ccc2c(c1)c1ccccc1n2-c1cccc(-n2c3ccccc3c3ccccc32)c1,0.8978865
279,279,O=c1oc2c(ccc3ccccc32)nc1-c1ccccc1,O=P(c1ccccc1)(c1ccccc1)c1cccc(-c2cc(-n3c4ccccc4c4ccccc43)cc(-n3c4ccccc4c4ccccc43)c2)n1,0.65043104
280,280,O=c1oc2c(ccc3ccccc32)nc1-c1ccccc1,CC(C)(C)c1ccc(-n2c3ccc([Si](c4ccccc4)(c4ccccc4)c4ccccc4)cc3c3cc([Si](c4ccccc4)(c4ccccc4)c4ccccc4)ccc32)cc1,0.70627964
281,281,O=c1oc2c(ccc3ccccc32)nc1-c1ccccc1,CCC(C)=O,0.31852213
282,282,O=c1oc2c(ccc3ccccc32)nc1-c1ccccc1,Cc1ccc(C)cc1,0.4357614
283,283,O=c1oc2c(ccc3ccccc32)nc1-c1ccccc1,CN1CCCC1=O,0.40890527
284,284,O=c1oc2c(ccc3ccccc32)nc1-c1ccccc1,c1cc(-n2c3ccccc3c3ccccc32)nc(-n2c3ccccc3c3ccccc32)c1,0.57214624
285,285,O=c1oc2c(ccc3ccccc32)nc1-c1ccccc1,CCCCCCCCCCCCO,0.39088774
286,286,O=c1oc2c(ccc3ccccc32)nc1-c1ccccc1,CCCCCCCCCCCCCCCCCl,0.53434175
287,287,O=c1oc2c(ccc3ccccc32)nc1-c1ccccc1,CCCCCCCCCCCC,0.17112698
288,288,O=c1oc2c(ccc3ccccc32)nc1-c1ccccc1,Brc1ccccc1,0.3228152
289,289,O=c1oc2c(ccc3ccccc32)nc1-c1ccccc1,CCCCCCCCCO,0.3908877
290,290,O=c1oc2c(ccc3ccccc32)nc1-c1ccccc1,CCCCC(CC)n1c2ccc(-n3c4ccccc4c4ccccc43)cc2c2cc(-n3c4ccccc4c4ccccc43)ccc21,0.40794218
291,291,O=c1oc2c(ccc3ccccc32)nc1-c1ccccc1,C1CCC2CCCCC2C1,0.41836965
292,292,O=c1oc2c(ccc3ccccc32)nc1-c1ccccc1,CCCCl,0.41469675
293,293,O=c1oc2c(ccc3ccccc32)nc1-c1ccccc1,COc1ccccc1,0.4289365
294,294,O=c1oc2c(ccc3ccccc32)nc1-c1ccccc1,Clc1ccccc1Cl,0.7227509
295,295,O=c1oc2c(ccc3ccccc32)nc1-c1ccccc1,c1ccc([Si](c2ccccc2)(c2ccc(-n3c4ccccc4c4ccccc43)cc2)c2ccc(-n3c4ccccc4c4ccccc43)cc2)cc1,0.79239553
296,296,O=c1oc2c(ccc3ccccc32)nc1-c1ccccc1,CN(C)C(=O)N(C)C,0.30653894
297,297,O=c1oc2c(ccc3ccccc32)nc1-c1ccccc1,c1ccc(-n2c(-c3c(-n4c5ccccc5c5ccccc54)cccc3-n3c4ccccc4c4ccccc43)nc3ccccc32)cc1,0.7143188
298,298,O=c1oc2c(ccc3ccccc32)nc1-c1ccccc1,O=[N+]([O-])c1ccccc1,0.58108884
299,299,O=c1oc2c(ccc3ccccc32)nc1-c1ccccc1,O=C1CCCO1,0.3316062
300,300,CC(C)(C)c1ccc2oc3nc4oc5ccc(-n6c7ccccc7c(=O)c7ccccc76)cc5c4cc3c2c1,ClCCl,0.2738691
301,301,CC(C)(C)c1ccc2oc3nc4oc5ccc(-n6c7ccccc7c(=O)c7ccccc76)cc5c4cc3c2c1,CC#N,0.3069796
302,302,CC(C)(C)c1ccc2oc3nc4oc5ccc(-n6c7ccccc7c(=O)c7ccccc76)cc5c4cc3c2c1,Cc1ccccc1,0.35756177
303,303,CC(C)(C)c1ccc2oc3nc4oc5ccc(-n6c7ccccc7c(=O)c7ccccc76)cc5c4cc3c2c1,C1CCOC1,0.3164719
304,304,CC(C)(C)c1ccc2oc3nc4oc5ccc(-n6c7ccccc7c(=O)c7ccccc76)cc5c4cc3c2c1,ClC(Cl)Cl,0.28677455
305,305,CC(C)(C)c1ccc2oc3nc4oc5ccc(-n6c7ccccc7c(=O)c7ccccc76)cc5c4cc3c2c1,CO,0.3563831
306,306,CC(C)(C)c1ccc2oc3nc4oc5ccc(-n6c7ccccc7c(=O)c7ccccc76)cc5c4cc3c2c1,CCO,0.30023462
307,307,CC(C)(C)c1ccc2oc3nc4oc5ccc(-n6c7ccccc7c(=O)c7ccccc76)cc5c4cc3c2c1,CS(C)=O,0.26662105
308,308,CC(C)(C)c1ccc2oc3nc4oc5ccc(-n6c7ccccc7c(=O)c7ccccc76)cc5c4cc3c2c1,C1CCCCC1,0.36984634
309,309,CC(C)(C)c1ccc2oc3nc4oc5ccc(-n6c7ccccc7c(=O)c7ccccc76)cc5c4cc3c2c1,CN(C)C=O,0.30518824
310,310,CC(C)(C)c1ccc2oc3nc4oc5ccc(-n6c7ccccc7c(=O)c7ccccc76)cc5c4cc3c2c1,CCCCCC,0.32406336
311,311,CC(C)(C)c1ccc2oc3nc4oc5ccc(-n6c7ccccc7c(=O)c7ccccc76)cc5c4cc3c2c1,CCOC(C)=O,0.3174547
312,312,CC(C)(C)c1ccc2oc3nc4oc5ccc(-n6c7ccccc7c(=O)c7ccccc76)cc5c4cc3c2c1,O,0.15117788
313,313,CC(C)(C)c1ccc2oc3nc4oc5ccc(-n6c7ccccc7c(=O)c7ccccc76)cc5c4cc3c2c1,C1COCCO1,0.39161277
314,314,CC(C)(C)c1ccc2oc3nc4oc5ccc(-n6c7ccccc7c(=O)c7ccccc76)cc5c4cc3c2c1,CC(C)=O,0.3066866
315,315,CC(C)(C)c1ccc2oc3nc4oc5ccc(-n6c7ccccc7c(=O)c7ccccc76)cc5c4cc3c2c1,c1ccccc1,0.28389567
316,316,CC(C)(C)c1ccc2oc3nc4oc5ccc(-n6c7ccccc7c(=O)c7ccccc76)cc5c4cc3c2c1,CC(C)O,0.23250829
317,317,CC(C)(C)c1ccc2oc3nc4oc5ccc(-n6c7ccccc7c(=O)c7ccccc76)cc5c4cc3c2c1,CCOCC,0.28202564
318,318,CC(C)(C)c1ccc2oc3nc4oc5ccc(-n6c7ccccc7c(=O)c7ccccc76)cc5c4cc3c2c1,CCCCO,0.20392945
319,319,CC(C)(C)c1ccc2oc3nc4oc5ccc(-n6c7ccccc7c(=O)c7ccccc76)cc5c4cc3c2c1,CCCO,0.29965276
320,320,CC(C)(C)c1ccc2oc3nc4oc5ccc(-n6c7ccccc7c(=O)c7ccccc76)cc5c4cc3c2c1,O=P(c1ccccc1)(c1ccccc1)c1ccccc1Oc1ccccc1P(=O)(c1ccccc1)c1ccccc1,0.6514394
321,321,CC(C)(C)c1ccc2oc3nc4oc5ccc(-n6c7ccccc7c(=O)c7ccccc76)cc5c4cc3c2c1,CCCCCCC,0.32406336
322,322,CC(C)(C)c1ccc2oc3nc4oc5ccc(-n6c7ccccc7c(=O)c7ccccc76)cc5c4cc3c2c1,ClC(Cl)(Cl)Cl,0.40733218
323,323,CC(C)(C)c1ccc2oc3nc4oc5ccc(-n6c7ccccc7c(=O)c7ccccc76)cc5c4cc3c2c1,CCCCOCCCC,0.3422724
324,324,CC(C)(C)c1ccc2oc3nc4oc5ccc(-n6c7ccccc7c(=O)c7ccccc76)cc5c4cc3c2c1,CC1CCCCC1,0.5281819
325,325,CC(C)(C)c1ccc2oc3nc4oc5ccc(-n6c7ccccc7c(=O)c7ccccc76)cc5c4cc3c2c1,CCCCCCCCO,0.24705479
326,326,CC(C)(C)c1ccc2oc3nc4oc5ccc(-n6c7ccccc7c(=O)c7ccccc76)cc5c4cc3c2c1,OCC(F)(F)F,0.29475594
327,327,CC(C)(C)c1ccc2oc3nc4oc5ccc(-n6c7ccccc7c(=O)c7ccccc76)cc5c4cc3c2c1,OCCO,0.5190167
328,328,CC(C)(C)c1ccc2oc3nc4oc5ccc(-n6c7ccccc7c(=O)c7ccccc76)cc5c4cc3c2c1,c1ccc2c(c1)c1ccccc1n2-c1ccc(-c2ccc(-n3c4ccccc4c4ccccc43)cc2)cc1,0.7160621
329,329,CC(C)(C)c1ccc2oc3nc4oc5ccc(-n6c7ccccc7c(=O)c7ccccc76)cc5c4cc3c2c1,CCCCCCO,0.24705479
330,330,CC(C)(C)c1ccc2oc3nc4oc5ccc(-n6c7ccccc7c(=O)c7ccccc76)cc5c4cc3c2c1,c1cc(-c2cccc(-n3c4ccccc4c4ccccc43)c2)cc(-n2c3ccccc3c3ccccc32)c1,0.7233247
331,331,CC(C)(C)c1ccc2oc3nc4oc5ccc(-n6c7ccccc7c(=O)c7ccccc76)cc5c4cc3c2c1,c1ccncc1,0.44763744
332,332,CC(C)(C)c1ccc2oc3nc4oc5ccc(-n6c7ccccc7c(=O)c7ccccc76)cc5c4cc3c2c1,OCC(O)CO,0.3577524
333,333,CC(C)(C)c1ccc2oc3nc4oc5ccc(-n6c7ccccc7c(=O)c7ccccc76)cc5c4cc3c2c1,CCCCCO,0.24705479
334,334,CC(C)(C)c1ccc2oc3nc4oc5ccc(-n6c7ccccc7c(=O)c7ccccc76)cc5c4cc3c2c1,c1cc(-n2c3ccccc3c3ccccc32)cc(-n2c3ccccc3c3ccccc32)c1,0.47380608
335,335,CC(C)(C)c1ccc2oc3nc4oc5ccc(-n6c7ccccc7c(=O)c7ccccc76)cc5c4cc3c2c1,CC(C)(C)O,0.37401503
336,336,CC(C)(C)c1ccc2oc3nc4oc5ccc(-n6c7ccccc7c(=O)c7ccccc76)cc5c4cc3c2c1,CC1CCCO1,0.3650862
337,337,CC(C)(C)c1ccc2oc3nc4oc5ccc(-n6c7ccccc7c(=O)c7ccccc76)cc5c4cc3c2c1,NC=O,0.43349758
338,338,CC(C)(C)c1ccc2oc3nc4oc5ccc(-n6c7ccccc7c(=O)c7ccccc76)cc5c4cc3c2c1,CC(C)CO,0.40038675
339,339,CC(C)(C)c1ccc2oc3nc4oc5ccc(-n6c7ccccc7c(=O)c7ccccc76)cc5c4cc3c2c1,CCN(CC)CC,0.3854519
340,340,CC(C)(C)c1ccc2oc3nc4oc5ccc(-n6c7ccccc7c(=O)c7ccccc76)cc5c4cc3c2c1,CCCCCCCCCCO,0.2470548
341,341,CC(C)(C)c1ccc2oc3nc4oc5ccc(-n6c7ccccc7c(=O)c7ccccc76)cc5c4cc3c2c1,O=P(c1ccccc1)(c1ccccc1)c1ccc2oc3ccc(P(=O)(c4ccccc4)c4ccccc4)cc3c2c1,0.6377043
342,342,CC(C)(C)c1ccc2oc3nc4oc5ccc(-n6c7ccccc7c(=O)c7ccccc76)cc5c4cc3c2c1,CCCCC,0.3522371
343,343,CC(C)(C)c1ccc2oc3nc4oc5ccc(-n6c7ccccc7c(=O)c7ccccc76)cc5c4cc3c2c1,ClCCCl,0.2925266
344,344,CC(C)(C)c1ccc2oc3nc4oc5ccc(-n6c7ccccc7c(=O)c7ccccc76)cc5c4cc3c2c1,CC(=O)O,0.40507093
345,345,CC(C)(C)c1ccc2oc3nc4oc5ccc(-n6c7ccccc7c(=O)c7ccccc76)cc5c4cc3c2c1,OCCOCCO,0.34367245
346,346,CC(C)(C)c1ccc2oc3nc4oc5ccc(-n6c7ccccc7c(=O)c7ccccc76)cc5c4cc3c2c1,CC1COC(=O)O1,0.49347627
347,347,CC(C)(C)c1ccc2oc3nc4oc5ccc(-n6c7ccccc7c(=O)c7ccccc76)cc5c4cc3c2c1,N#Cc1ccccc1,0.5611647
348,348,CC(C)(C)c1ccc2oc3nc4oc5ccc(-n6c7ccccc7c(=O)c7ccccc76)cc5c4cc3c2c1,Clc1ccccc1,0.4527824
349,349,CC(C)(C)c1ccc2oc3nc4oc5ccc(-n6c7ccccc7c(=O)c7ccccc76)cc5c4cc3c2c1,CC(C)CC(C)(C)C,0.22364284
350,350,CC(C)(C)c1ccc2oc3nc4oc5ccc(-n6c7ccccc7c(=O)c7ccccc76)cc5c4cc3c2c1,CNC=O,0.27863085
351,351,CC(C)(C)c1ccc2oc3nc4oc5ccc(-n6c7ccccc7c(=O)c7ccccc76)cc5c4cc3c2c1,CC(C)OC(C)C,0.2901946
352,352,CC(C)(C)c1ccc2oc3nc4oc5ccc(-n6c7ccccc7c(=O)c7ccccc76)cc5c4cc3c2c1,CCCCCCCO,0.24705482
353,353,CC(C)(C)c1ccc2oc3nc4oc5ccc(-n6c7ccccc7c(=O)c7ccccc76)cc5c4cc3c2c1,[2H]O[2H],0.34898287
354,354,CC(C)(C)c1ccc2oc3nc4oc5ccc(-n6c7ccccc7c(=O)c7ccccc76)cc5c4cc3c2c1,CCCCCCCCCCCCCCCC,0.3240634
355,355,CC(C)(C)c1ccc2oc3nc4oc5ccc(-n6c7ccccc7c(=O)c7ccccc76)cc5c4cc3c2c1,CCCCOC(C)=O,0.33969754
356,356,CC(C)(C)c1ccc2oc3nc4oc5ccc(-n6c7ccccc7c(=O)c7ccccc76)cc5c4cc3c2c1,CC(=O)N(C)C,0.39855063
357,357,CC(C)(C)c1ccc2oc3nc4oc5ccc(-n6c7ccccc7c(=O)c7ccccc76)cc5c4cc3c2c1,ClC=C(Cl)Cl,0.27098322
358,358,CC(C)(C)c1ccc2oc3nc4oc5ccc(-n6c7ccccc7c(=O)c7ccccc76)cc5c4cc3c2c1,CCCC#N,0.37578768
359,359,CC(C)(C)c1ccc2oc3nc4oc5ccc(-n6c7ccccc7c(=O)c7ccccc76)cc5c4cc3c2c1,CCCCCCCCCCCCCC,0.32406336
360,360,CC(C)(C)c1ccc2oc3nc4oc5ccc(-n6c7ccccc7c(=O)c7ccccc76)cc5c4cc3c2c1,CCCCCCCC,0.3240634
361,361,CC(C)(C)c1ccc2oc3nc4oc5ccc(-n6c7ccccc7c(=O)c7ccccc76)cc5c4cc3c2c1,CC(=O)C(C)(C)C,0.28090099
362,362,CC(C)(C)c1ccc2oc3nc4oc5ccc(-n6c7ccccc7c(=O)c7ccccc76)cc5c4cc3c2c1,CC(O)CO,0.42599756
363,363,CC(C)(C)c1ccc2oc3nc4oc5ccc(-n6c7ccccc7c(=O)c7ccccc76)cc5c4cc3c2c1,CCC#N,0.51793987
364,364,CC(C)(C)c1ccc2oc3nc4oc5ccc(-n6c7ccccc7c(=O)c7ccccc76)cc5c4cc3c2c1,COCCOC,0.34951147
365,365,CC(C)(C)c1ccc2oc3nc4oc5ccc(-n6c7ccccc7c(=O)c7ccccc76)cc5c4cc3c2c1,CCCCCCCCCCCO,0.2470548
366,366,CC(C)(C)c1ccc2oc3nc4oc5ccc(-n6c7ccccc7c(=O)c7ccccc76)cc5c4cc3c2c1,CCCCCCCCCC,0.32406336
367,367,CC(C)(C)c1ccc2oc3nc4oc5ccc(-n6c7ccccc7c(=O)c7ccccc76)cc5c4cc3c2c1,CCC(C)CC,0.6095728
368,368,CC(C)(C)c1ccc2oc3nc4oc5ccc(-n6c7ccccc7c(=O)c7ccccc76)cc5c4cc3c2c1,CCCCCCCCC,0.32406336
369,369,CC(C)(C)c1ccc2oc3nc4oc5ccc(-n6c7ccccc7c(=O)c7ccccc76)cc5c4cc3c2c1,CN(C)P(=O)(N(C)C)N(C)C,0.2902575
370,370,CC(C)(C)c1ccc2oc3nc4oc5ccc(-n6c7ccccc7c(=O)c7ccccc76)cc5c4cc3c2c1,CCCCCl,0.43267828
371,371,CC(C)(C)c1ccc2oc3nc4oc5ccc(-n6c7ccccc7c(=O)c7ccccc76)cc5c4cc3c2c1,COC(C)=O,0.34209073
372,372,CC(C)(C)c1ccc2oc3nc4oc5ccc(-n6c7ccccc7c(=O)c7ccccc76)cc5c4cc3c2c1,OC(C(F)(F)F)C(F)(F)F,0.6453907
373,373,CC(C)(C)c1ccc2oc3nc4oc5ccc(-n6c7ccccc7c(=O)c7ccccc76)cc5c4cc3c2c1,CCC(C)C,0.32703367
374,374,CC(C)(C)c1ccc2oc3nc4oc5ccc(-n6c7ccccc7c(=O)c7ccccc76)cc5c4cc3c2c1,S=C=S,0.30621305
375,375,CC(C)(C)c1ccc2oc3nc4oc5ccc(-n6c7ccccc7c(=O)c7ccccc76)cc5c4cc3c2c1,Cc1ccccc1C,0.6403425
376,376,CC(C)(C)c1ccc2oc3nc4oc5ccc(-n6c7ccccc7c(=O)c7ccccc76)cc5c4cc3c2c1,OC1CCCCC1,0.6358173
377,377,CC(C)(C)c1ccc2oc3nc4oc5ccc(-n6c7ccccc7c(=O)c7ccccc76)cc5c4cc3c2c1,O=C1CCCCC1,0.5294321
378,378,CC(C)(C)c1ccc2oc3nc4oc5ccc(-n6c7ccccc7c(=O)c7ccccc76)cc5c4cc3c2c1,N#Cc1ccc2c(c1)c1ccccc1n2-c1cccc(-n2c3ccccc3c3ccccc32)c1,0.9207824
379,379,CC(C)(C)c1ccc2oc3nc4oc5ccc(-n6c7ccccc7c(=O)c7ccccc76)cc5c4cc3c2c1,O=P(c1ccccc1)(c1ccccc1)c1cccc(-c2cc(-n3c4ccccc4c4ccccc43)cc(-n3c4ccccc4c4ccccc43)c2)n1,0.5415493
380,380,CC(C)(C)c1ccc2oc3nc4oc5ccc(-n6c7ccccc7c(=O)c7ccccc76)cc5c4cc3c2c1,CC(C)(C)c1ccc(-n2c3ccc([Si](c4ccccc4)(c4ccccc4)c4ccccc4)cc3c3cc([Si](c4ccccc4)(c4ccccc4)c4ccccc4)ccc32)cc1,0.59365314
381,381,CC(C)(C)c1ccc2oc3nc4oc5ccc(-n6c7ccccc7c(=O)c7ccccc76)cc5c4cc3c2c1,CCC(C)=O,0.3121542
382,382,CC(C)(C)c1ccc2oc3nc4oc5ccc(-n6c7ccccc7c(=O)c7ccccc76)cc5c4cc3c2c1,Cc1ccc(C)cc1,0.3174808
383,383,CC(C)(C)c1ccc2oc3nc4oc5ccc(-n6c7ccccc7c(=O)c7ccccc76)cc5c4cc3c2c1,CN1CCCC1=O,0.3542784
384,384,CC(C)(C)c1ccc2oc3nc4oc5ccc(-n6c7ccccc7c(=O)c7ccccc76)cc5c4cc3c2c1,c1cc(-n2c3ccccc3c3ccccc32)nc(-n2c3ccccc3c3ccccc32)c1,0.4395627
385,385,CC(C)(C)c1ccc2oc3nc4oc5ccc(-n6c7ccccc7c(=O)c7ccccc76)cc5c4cc3c2c1,CCCCCCCCCCCCO,0.24705482
386,386,CC(C)(C)c1ccc2oc3nc4oc5ccc(-n6c7ccccc7c(=O)c7ccccc76)cc5c4cc3c2c1,CCCCCCCCCCCCCCCCCl,0.5290812
387,387,CC(C)(C)c1ccc2oc3nc4oc5ccc(-n6c7ccccc7c(=O)c7ccccc76)cc5c4cc3c2c1,CCCCCCCCCCCC,0.3240634
388,388,CC(C)(C)c1ccc2oc3nc4oc5ccc(-n6c7ccccc7c(=O)c7ccccc76)cc5c4cc3c2c1,Brc1ccccc1,0.31031993
389,389,CC(C)(C)c1ccc2oc3nc4oc5ccc(-n6c7ccccc7c(=O)c7ccccc76)cc5c4cc3c2c1,CCCCCCCCCO,0.24705479
390,390,CC(C)(C)c1ccc2oc3nc4oc5ccc(-n6c7ccccc7c(=O)c7ccccc76)cc5c4cc3c2c1,CCCCC(CC)n1c2ccc(-n3c4ccccc4c4ccccc43)cc2c2cc(-n3c4ccccc4c4ccccc43)ccc21,0.2679575
391,391,CC(C)(C)c1ccc2oc3nc4oc5ccc(-n6c7ccccc7c(=O)c7ccccc76)cc5c4cc3c2c1,C1CCC2CCCCC2C1,0.361022
392,392,CC(C)(C)c1ccc2oc3nc4oc5ccc(-n6c7ccccc7c(=O)c7ccccc76)cc5c4cc3c2c1,CCCCl,0.36237442
393,393,CC(C)(C)c1ccc2oc3nc4oc5ccc(-n6c7ccccc7c(=O)c7ccccc76)cc5c4cc3c2c1,COc1ccccc1,0.3111955
394,394,CC(C)(C)c1ccc2oc3nc4oc5ccc(-n6c7ccccc7c(=O)c7ccccc76)cc5c4cc3c2c1,Clc1ccccc1Cl,0.6066828
395,395,CC(C)(C)c1ccc2oc3nc4oc5ccc(-n6c7ccccc7c(=O)c7ccccc76)cc5c4cc3c2c1,c1ccc([Si](c2ccccc2)(c2ccc(-n3c4ccccc4c4ccccc43)cc2)c2ccc(-n3c4ccccc4c4ccccc43)cc2)cc1,0.7957329
396,396,CC(C)(C)c1ccc2oc3nc4oc5ccc(-n6c7ccccc7c(=O)c7ccccc76)cc5c4cc3c2c1,CN(C)C(=O)N(C)C,0.2874043
397,397,CC(C)(C)c1ccc2oc3nc4oc5ccc(-n6c7ccccc7c(=O)c7ccccc76)cc5c4cc3c2c1,c1ccc(-n2c(-c3c(-n4c5ccccc5c5ccccc54)cccc3-n3c4ccccc4c4ccccc43)nc3ccccc32)cc1,0.87595433
398,398,CC(C)(C)c1ccc2oc3nc4oc5ccc(-n6c7ccccc7c(=O)c7ccccc76)cc5c4cc3c2c1,O=[N+]([O-])c1ccccc1,0.4526688
399,399,CC(C)(C)c1ccc2oc3nc4oc5ccc(-n6c7ccccc7c(=O)c7ccccc76)cc5c4cc3c2c1,O=C1CCCO1,0.29430863
400,400,CC1(C)OB(c2cc3ccc4cccc5ccc(c2)c3c45)OC1(C)C,ClCCl,0.64077765
401,401,CC1(C)OB(c2cc3ccc4cccc5ccc(c2)c3c45)OC1(C)C,CC#N,0.59271944
402,402,CC1(C)OB(c2cc3ccc4cccc5ccc(c2)c3c45)OC1(C)C,Cc1ccccc1,0.6838297
403,403,CC1(C)OB(c2cc3ccc4cccc5ccc(c2)c3c45)OC1(C)C,C1CCOC1,0.6530074
404,404,CC1(C)OB(c2cc3ccc4cccc5ccc(c2)c3c45)OC1(C)C,ClC(Cl)Cl,0.53153044
405,405,CC1(C)OB(c2cc3ccc4cccc5ccc(c2)c3c45)OC1(C)C,CO,0.54957813
406,406,CC1(C)OB(c2cc3ccc4cccc5ccc(c2)c3c45)OC1(C)C,CCO,0.66284645
407,407,CC1(C)OB(c2cc3ccc4cccc5ccc(c2)c3c45)OC1(C)C,CS(C)=O,0.5615305
408,408,CC1(C)OB(c2cc3ccc4cccc5ccc(c2)c3c45)OC1(C)C,C1CCCCC1,0.7317326
409,409,CC1(C)OB(c2cc3ccc4cccc5ccc(c2)c3c45)OC1(C)C,CN(C)C=O,0.61212873
410,410,CC1(C)OB(c2cc3ccc4cccc5ccc(c2)c3c45)OC1(C)C,CCCCCC,0.5760914
411,411,CC1(C)OB(c2cc3ccc4cccc5ccc(c2)c3c45)OC1(C)C,CCOC(C)=O,0.67753613
412,412,CC1(C)OB(c2cc3ccc4cccc5ccc(c2)c3c45)OC1(C)C,O,0.35041493
413,413,CC1(C)OB(c2cc3ccc4cccc5ccc(c2)c3c45)OC1(C)C,C1COCCO1,0.61906636
414,414,CC1(C)OB(c2cc3ccc4cccc5ccc(c2)c3c45)OC1(C)C,CC(C)=O,0.6614103
415,415,CC1(C)OB(c2cc3ccc4cccc5ccc(c2)c3c45)OC1(C)C,c1ccccc1,0.6546991
416,416,CC1(C)OB(c2cc3ccc4cccc5ccc(c2)c3c45)OC1(C)C,CC(C)O,0.52867854
417,417,CC1(C)OB(c2cc3ccc4cccc5ccc(c2)c3c45)OC1(C)C,CCOCC,0.604915
418,418,CC1(C)OB(c2cc3ccc4cccc5ccc(c2)c3c45)OC1(C)C,CCCCO,0.6280784
419,419,CC1(C)OB(c2cc3ccc4cccc5ccc(c2)c3c45)OC1(C)C,CCCO,0.63611865
420,420,CC1(C)OB(c2cc3ccc4cccc5ccc(c2)c3c45)OC1(C)C,O=P(c1ccccc1)(c1ccccc1)c1ccccc1Oc1ccccc1P(=O)(c1ccccc1)c1ccccc1,0.73614925
421,421,CC1(C)OB(c2cc3ccc4cccc5ccc(c2)c3c45)OC1(C)C,CCCCCCC,0.57609135
422,422,CC1(C)OB(c2cc3ccc4cccc5ccc(c2)c3c45)OC1(C)C,ClC(Cl)(Cl)Cl,0.6309923
423,423,CC1(C)OB(c2cc3ccc4cccc5ccc(c2)c3c45)OC1(C)C,CCCCOCCCC,0.6449894
424,424,CC1(C)OB(c2cc3ccc4cccc5ccc(c2)c3c45)OC1(C)C,CC1CCCCC1,0.7224682
425,425,CC1(C)OB(c2cc3ccc4cccc5ccc(c2)c3c45)OC1(C)C,CCCCCCCCO,0.61146384
426,426,CC1(C)OB(c2cc3ccc4cccc5ccc(c2)c3c45)OC1(C)C,OCC(F)(F)F,0.56449974
427,427,CC1(C)OB(c2cc3ccc4cccc5ccc(c2)c3c45)OC1(C)C,OCCO,0.71627694
428,428,CC1(C)OB(c2cc3ccc4cccc5ccc(c2)c3c45)OC1(C)C,c1ccc2c(c1)c1ccccc1n2-c1ccc(-c2ccc(-n3c4ccccc4c4ccccc43)cc2)cc1,0.76686144
429,429,CC1(C)OB(c2cc3ccc4cccc5ccc(c2)c3c45)OC1(C)C,CCCCCCO,0.6114638
430,430,CC1(C)OB(c2cc3ccc4cccc5ccc(c2)c3c45)OC1(C)C,c1cc(-c2cccc(-n3c4ccccc4c4ccccc43)c2)cc(-n2c3ccccc3c3ccccc32)c1,0.79927135
431,431,CC1(C)OB(c2cc3ccc4cccc5ccc(c2)c3c45)OC1(C)C,c1ccncc1,0.72361964
432,432,CC1(C)OB(c2cc3ccc4cccc5ccc(c2)c3c45)OC1(C)C,OCC(O)CO,0.58899087
433,433,CC1(C)OB(c2cc3ccc4cccc5ccc(c2)c3c45)OC1(C)C,CCCCCO,0.6114638
434,434,CC1(C)OB(c2cc3ccc4cccc5ccc(c2)c3c45)OC1(C)C,c1cc(-n2c3ccccc3c3ccccc32)cc(-n2c3ccccc3c3ccccc32)c1,0.67699
435,435,CC1(C)OB(c2cc3ccc4cccc5ccc(c2)c3c45)OC1(C)C,CC(C)(C)O,0.7336441
436,436,CC1(C)OB(c2cc3ccc4cccc5ccc(c2)c3c45)OC1(C)C,CC1CCCO1,0.72999525
437,437,CC1(C)OB(c2cc3ccc4cccc5ccc(c2)c3c45)OC1(C)C,NC=O,0.75003266
438,438,CC1(C)OB(c2cc3ccc4cccc5ccc(c2)c3c45)OC1(C)C,CC(C)CO,0.80019134
439,439,CC1(C)OB(c2cc3ccc4cccc5ccc(c2)c3c45)OC1(C)C,CCN(CC)CC,0.54083234
440,440,CC1(C)OB(c2cc3ccc4cccc5ccc(c2)c3c45)OC1(C)C,CCCCCCCCCCO,0.6114638
441,441,CC1(C)OB(c2cc3ccc4cccc5ccc(c2)c3c45)OC1(C)C,O=P(c1ccccc1)(c1ccccc1)c1ccc2oc3ccc(P(=O)(c4ccccc4)c4ccccc4)cc3c2c1,0.93091446
442,442,CC1(C)OB(c2cc3ccc4cccc5ccc(c2)c3c45)OC1(C)C,CCCCC,0.75662637
443,443,CC1(C)OB(c2cc3ccc4cccc5ccc(c2)c3c45)OC1(C)C,ClCCCl,0.60382533
444,444,CC1(C)OB(c2cc3ccc4cccc5ccc(c2)c3c45)OC1(C)C,CC(=O)O,0.5182975
445,445,CC1(C)OB(c2cc3ccc4cccc5ccc(c2)c3c45)OC1(C)C,OCCOCCO,0.6483907
446,446,CC1(C)OB(c2cc3ccc4cccc5ccc(c2)c3c45)OC1(C)C,CC1COC(=O)O1,0.79004407
447,447,CC1(C)OB(c2cc3ccc4cccc5ccc(c2)c3c45)OC1(C)C,N#Cc1ccccc1,0.7029675
448,448,CC1(C)OB(c2cc3ccc4cccc5ccc(c2)c3c45)OC1(C)C,Clc1ccccc1,0.81753385
449,449,CC1(C)OB(c2cc3ccc4cccc5ccc(c2)c3c45)OC1(C)C,CC(C)CC(C)(C)C,0.63425803
450,450,CC1(C)OB(c2cc3ccc4cccc5ccc(c2)c3c45)OC1(C)C,CNC=O,0.73005176
451,451,CC1(C)OB(c2cc3ccc4cccc5ccc(c2)c3c45)OC1(C)C,CC(C)OC(C)C,0.6162639
452,452,CC1(C)OB(c2cc3ccc4cccc5ccc(c2)c3c45)OC1(C)C,CCCCCCCO,0.6114638
453,453,CC1(C)OB(c2cc3ccc4cccc5ccc(c2)c3c45)OC1(C)C,[2H]O[2H],0.60763496
454,454,CC1(C)OB(c2cc3ccc4cccc5ccc(c2)c3c45)OC1(C)C,CCCCCCCCCCCCCCCC,0.5760914
455,455,CC1(C)OB(c2cc3ccc4cccc5ccc(c2)c3c45)OC1(C)C,CCCCOC(C)=O,0.73886853
456,456,CC1(C)OB(c2cc3ccc4cccc5ccc(c2)c3c45)OC1(C)C,CC(=O)N(C)C,0.7432896
457,457,CC1(C)OB(c2cc3ccc4cccc5ccc(c2)c3c45)OC1(C)C,ClC=C(Cl)Cl,0.4890815
458,458,CC1(C)OB(c2cc3ccc4cccc5ccc(c2)c3c45)OC1(C)C,CCCC#N,0.8237539
459,459,CC1(C)OB(c2cc3ccc4cccc5ccc(c2)c3c45)OC1(C)C,CCCCCCCCCCCCCC,0.57609135
460,460,CC1(C)OB(c2cc3ccc4cccc5ccc(c2)c3c45)OC1(C)C,CCCCCCCC,0.57609135
461,461,CC1(C)OB(c2cc3ccc4cccc5ccc(c2)c3c45)OC1(C)C,CC(=O)C(C)(C)C,0.65500075
462,462,CC1(C)OB(c2cc3ccc4cccc5ccc(c2)c3c45)OC1(C)C,CC(O)CO,0.6821094
463,463,CC1(C)OB(c2cc3ccc4cccc5ccc(c2)c3c45)OC1(C)C,CCC#N,0.74687123
464,464,CC1(C)OB(c2cc3ccc4cccc5ccc(c2)c3c45)OC1(C)C,COCCOC,0.59755945
465,465,CC1(C)OB(c2cc3ccc4cccc5ccc(c2)c3c45)OC1(C)C,CCCCCCCCCCCO,0.6114638
466,466,CC1(C)OB(c2cc3ccc4cccc5ccc(c2)c3c45)OC1(C)C,CCCCCCCCCC,0.57609135
467,467,CC1(C)OB(c2cc3ccc4cccc5ccc(c2)c3c45)OC1(C)C,CCC(C)CC,1.1332527
468,468,CC1(C)OB(c2cc3ccc4cccc5ccc(c2)c3c45)OC1(C)C,CCCCCCCCC,0.57609135
469,469,CC1(C)OB(c2cc3ccc4cccc5ccc(c2)c3c45)OC1(C)C,CN(C)P(=O)(N(C)C)N(C)C,0.45684582
470,470,CC1(C)OB(c2cc3ccc4cccc5ccc(c2)c3c45)OC1(C)C,CCCCCl,0.6939725
471,471,CC1(C)OB(c2cc3ccc4cccc5ccc(c2)c3c45)OC1(C)C,COC(C)=O,0.596137
472,472,CC1(C)OB(c2cc3ccc4cccc5ccc(c2)c3c45)OC1(C)C,OC(C(F)(F)F)C(F)(F)F,0.8299299
473,473,CC1(C)OB(c2cc3ccc4cccc5ccc(c2)c3c45)OC1(C)C,CCC(C)C,0.7224529
474,474,CC1(C)OB(c2cc3ccc4cccc5ccc(c2)c3c45)OC1(C)C,S=C=S,0.8885779
475,475,CC1(C)OB(c2cc3ccc4cccc5ccc(c2)c3c45)OC1(C)C,Cc1ccccc1C,0.9764313
476,476,CC1(C)OB(c2cc3ccc4cccc5ccc(c2)c3c45)OC1(C)C,OC1CCCCC1,0.9607035
477,477,CC1(C)OB(c2cc3ccc4cccc5ccc(c2)c3c45)OC1(C)C,O=C1CCCCC1,0.96229565
478,478,CC1(C)OB(c2cc3ccc4cccc5ccc(c2)c3c45)OC1(C)C,N#Cc1ccc2c(c1)c1ccccc1n2-c1cccc(-n2c3ccccc3c3ccccc32)c1,0.99812776
479,479,CC1(C)OB(c2cc3ccc4cccc5ccc(c2)c3c45)OC1(C)C,O=P(c1ccccc1)(c1ccccc1)c1cccc(-c2cc(-n3c4ccccc4c4ccccc43)cc(-n3c4ccccc4c4ccccc43)c2)n1,0.6498872
480,480,CC1(C)OB(c2cc3ccc4cccc5ccc(c2)c3c45)OC1(C)C,CC(C)(C)c1ccc(-n2c3ccc([Si](c4ccccc4)(c4ccccc4)c4ccccc4)cc3c3cc([Si](c4ccccc4)(c4ccccc4)c4ccccc4)ccc32)cc1,0.84355
481,481,CC1(C)OB(c2cc3ccc4cccc5ccc(c2)c3c45)OC1(C)C,CCC(C)=O,0.5849295
482,482,CC1(C)OB(c2cc3ccc4cccc5ccc(c2)c3c45)OC1(C)C,Cc1ccc(C)cc1,0.59801614
483,483,CC1(C)OB(c2cc3ccc4cccc5ccc(c2)c3c45)OC1(C)C,CN1CCCC1=O,0.5773833
484,484,CC1(C)OB(c2cc3ccc4cccc5ccc(c2)c3c45)OC1(C)C,c1cc(-n2c3ccccc3c3ccccc32)nc(-n2c3ccccc3c3ccccc32)c1,0.6423219
485,485,CC1(C)OB(c2cc3ccc4cccc5ccc(c2)c3c45)OC1(C)C,CCCCCCCCCCCCO,0.6114638
486,486,CC1(C)OB(c2cc3ccc4cccc5ccc(c2)c3c45)OC1(C)C,CCCCCCCCCCCCCCCCCl,0.8063848
487,487,CC1(C)OB(c2cc3ccc4cccc5ccc(c2)c3c45)OC1(C)C,CCCCCCCCCCCC,0.57609135
488,488,CC1(C)OB(c2cc3ccc4cccc5ccc(c2)c3c45)OC1(C)C,Brc1ccccc1,0.58221596
489,489,CC1(C)OB(c2cc3ccc4cccc5ccc(c2)c3c45)OC1(C)C,CCCCCCCCCO,0.6114638
490,490,CC1(C)OB(c2cc3ccc4cccc5ccc(c2)c3c45)OC1(C)C,CCCCC(CC)n1c2ccc(-n3c4ccccc4c4ccccc43)cc2c2cc(-n3c4ccccc4c4ccccc43)ccc21,0.43291205
491,491,CC1(C)OB(c2cc3ccc4cccc5ccc(c2)c3c45)OC1(C)C,C1CCC2CCCCC2C1,0.75765455
492,492,CC1(C)OB(c2cc3ccc4cccc5ccc(c2)c3c45)OC1(C)C,CCCCl,0.61694276
493,493,CC1(C)OB(c2cc3ccc4cccc5ccc(c2)c3c45)OC1(C)C,COc1ccccc1,0.8255686
494,494,CC1(C)OB(c2cc3ccc4cccc5ccc(c2)c3c45)OC1(C)C,Clc1ccccc1Cl,0.90218914
495,495,CC1(C)OB(c2cc3ccc4cccc5ccc(c2)c3c45)OC1(C)C,c1ccc([Si](c2ccccc2)(c2ccc(-n3c4ccccc4c4ccccc43)cc2)c2ccc(-n3c4ccccc4c4ccccc43)cc2)cc1,0.8052471
496,496,CC1(C)OB(c2cc3ccc4cccc5ccc(c2)c3c45)OC1(C)C,CN(C)C(=O)N(C)C,0.47950673
497,497,CC1(C)OB(c2cc3ccc4cccc5ccc(c2)c3c45)OC1(C)C,c1ccc(-n2c(-c3c(-n4c5ccccc5c5ccccc54)cccc3-n3c4ccccc4c4ccccc43)nc3ccccc32)cc1,0.97536904
498,498,CC1(C)OB(c2cc3ccc4cccc5ccc(c2)c3c45)OC1(C)C,O=[N+]([O-])c1ccccc1,0.87702143
499,499,CC1(C)OB(c2cc3ccc4cccc5ccc(c2)c3c45)OC1(C)C,O=C1CCCO1,0.4950716
